<?xml version="1.0" encoding="UTF-8"?>
<project-private xmlns="http://www.netbeans.org/ns/project-private/1">
    <editor-bookmarks xmlns="http://www.netbeans.org/ns/editor-bookmarks/2" lastBookmarkId="0"/>
    <open-files xmlns="http://www.netbeans.org/ns/projectui-open-files/2">
        <group>
            <file>file:/C:/Users/Mijn%20PC/Documents/NetBeansProjects/ExamenVraag2TweedeZit/public_html/stijl/worksheet.css</file>
            <file>file:/C:/Users/Mijn%20PC/Documents/NetBeansProjects/ExamenVraag2TweedeZit/bower.json</file>
            <file>file:/C:/Users/Mijn%20PC/Documents/NetBeansProjects/ExamenVraag2TweedeZit/.bowerrc</file>
            <file>file:/C:/Users/Mijn%20PC/Documents/NetBeansProjects/ExamenVraag2TweedeZit/gulpfile.js</file>
            <file>file:/C:/Users/Mijn%20PC/Documents/NetBeansProjects/ExamenVraag2TweedeZit/Gruntfile.js</file>
            <file>file:/C:/Users/Mijn%20PC/Documents/NetBeansProjects/ExamenVraag2TweedeZit/public_html/workouts.html</file>
            <file>file:/C:/Users/Mijn%20PC/Documents/NetBeansProjects/ExamenVraag2TweedeZit/package.json</file>
        </group>
    </open-files>
</project-private>
