<?xml version="1.0" encoding="UTF-8"?>
<project-private xmlns="http://www.netbeans.org/ns/project-private/1">
    <editor-bookmarks xmlns="http://www.netbeans.org/ns/editor-bookmarks/2" lastBookmarkId="0"/>
    <open-files xmlns="http://www.netbeans.org/ns/projectui-open-files/2">
        <group>
            <file>file:/C:/Users/Mijn%20PC/Documents/NetBeansProjects/ExamenVraag1TweedeZit/public_html/stijl/stijl.css</file>
            <file>file:/C:/Users/Mijn%20PC/Documents/NetBeansProjects/ExamenVraag1TweedeZit/package.json</file>
            <file>file:/C:/Users/Mijn%20PC/Documents/NetBeansProjects/ExamenVraag1TweedeZit/gulpfile.js</file>
            <file>file:/C:/Users/Mijn%20PC/Documents/NetBeansProjects/ExamenVraag1TweedeZit/public_html/figuren/wereld.jpg</file>
            <file>file:/C:/Users/Mijn%20PC/Documents/NetBeansProjects/ExamenVraag1TweedeZit/Gruntfile.js</file>
            <file>file:/C:/Users/Mijn%20PC/Documents/NetBeansProjects/ExamenVraag1TweedeZit/.bowerrc</file>
            <file>file:/C:/Users/Mijn%20PC/Documents/NetBeansProjects/ExamenVraag1TweedeZit/bower.json</file>
            <file>file:/C:/Users/Mijn%20PC/Documents/NetBeansProjects/ExamenVraag1TweedeZit/public_html/vraag1.html</file>
            <file>file:/C:/Users/Mijn%20PC/Documents/NetBeansProjects/ExamenVraag1TweedeZit/public_html/figuren/Computer%20code%20screen%20-%20SS%20pxl450.jpg</file>
        </group>
    </open-files>
</project-private>
